SwimmerId,Name,Birth_Date,Age,Gender,Citizenship,Birth_Country,Residency_Years,Approving_Authority,Education_Level,Criminal_Record,Is_Disqualified,Vaccination_Status,Sponsor,Club,Region,Event,Time,Historical_Times,Is_Personal_Best,Is_Valid_Record,Overall_Rank,Top_5,Competition_Date,Competition_Level,Competition_Competition_Id,Competition_Country,Competition_Region,Competition_Pool_Type
SWM6353,Elite_Swimmer_SWM6353,2002-11-02,22,Women,JPN,GBR,8,FINA,Bachelors,Minor Violation,False,Fully Vaccinated,Arena,Club_TOK,TOK,50m Butterfly,24.52,"['26.12', '24.58', '24.54', '25.18', '24.52']",True,True,1,Yes,2024-04-14 16:00:26.502084,Local,LOC_005,USA,NYC,25m
SWM1810,Elite_Swimmer_SWM1810,1999-06-12,25,Women,CHN,CHN,25,,MBA,Minor Violation,False,Fully Vaccinated,TYR Sport,Club_SHA,SHA,50m Butterfly,24.77,"['24.63', '25.45', '25.20', '26.00', '24.77']",False,True,2,Yes,2024-04-14 16:00:26.502084,Local,LOC_005,USA,NYC,25m
SWM8969,Elite_Swimmer_SWM8969,2005-10-26,19,Men,CAN,CAN,19,,Bachelors,None,False,Fully Vaccinated,Arena,Club_MTL,MTL,50m Butterfly,25.09,"['25.32', '25.41', '24.61', '24.95', '25.09']",False,True,3,Yes,2024-04-14 16:00:26.502084,Local,LOC_005,USA,NYC,25m
SWM7326,Elite_Swimmer_SWM7326,1992-12-16,32,Women,JPN,JPN,32,,Bachelors,None,False,Fully Vaccinated,Nike Swimming,Club_TOK,TOK,100m Butterfly,49.29,"['51.57', '49.29']",True,True,1,Yes,2024-04-14 16:00:26.502084,Local,LOC_005,USA,NYC,25m
SWM3692,Elite_Swimmer_SWM3692,1997-08-21,27,Men,USA,CAN,6,FINA,Bachelors,None,False,Fully Vaccinated,TYR Sport,Club_CHI,CHI,100m Butterfly,49.52,"['49.75', '49.68', '49.36', '49.52']",False,True,2,Yes,2024-04-14 16:00:26.502084,Local,LOC_005,USA,NYC,25m
SWM6353,Elite_Swimmer_SWM6353,2002-11-02,22,Women,JPN,GBR,8,FINA,Bachelors,Minor Violation,False,Fully Vaccinated,Arena,Club_TOK,TOK,100m Butterfly,50.01,"['51.06', '51.03', '51.79', '50.36', '50.01']",True,True,3,Yes,2024-04-14 16:00:26.502084,Local,LOC_005,USA,NYC,25m
SWM1810,Elite_Swimmer_SWM1810,1999-06-12,25,Women,CHN,CHN,25,,MBA,Minor Violation,False,Fully Vaccinated,TYR Sport,Club_SHA,SHA,100m Butterfly,51.41,"['50.54', '50.57', '50.75', '52.19', '51.41']",False,True,4,Yes,2024-04-14 16:00:26.502084,Local,LOC_005,USA,NYC,25m
SWM8969,Elite_Swimmer_SWM8969,2005-10-26,19,Men,CAN,CAN,19,,Bachelors,None,False,Fully Vaccinated,Arena,Club_MTL,MTL,100m Butterfly,51.43,"['51.26', '50.22', '49.15', '49.28', '51.43']",False,True,5,Yes,2024-04-14 16:00:26.502084,Local,LOC_005,USA,NYC,25m
SWM7648,Elite_Swimmer_SWM7648,2011-12-03,13,Men,GBR,GBR,13,,High School,Minor Violation,False,Fully Vaccinated,TYR Sport,Club_BIR,BIR,100m Butterfly,51.98,"['49.19', '51.96', '51.36', '50.21', '51.98']",False,True,6,No,2024-04-14 16:00:26.502084,Local,LOC_005,USA,NYC,25m
SWM4324,Elite_Swimmer_SWM4324,2011-04-30,13,Women,GBR,GBR,13,,High School,Minor Violation,False,Fully Vaccinated,Arena,Club_LON,LON,200m Butterfly,1:039.10,['1:039.10'],True,True,1,Yes,2024-04-14 16:00:26.502084,Local,LOC_005,USA,NYC,25m
SWM6353,Elite_Swimmer_SWM6353,2002-11-02,22,Women,JPN,GBR,8,FINA,Bachelors,Minor Violation,False,Fully Vaccinated,Arena,Club_TOK,TOK,200m Butterfly,1:039.25,"['1:038.28', '1:044.29', '1:040.78', '1:039.66', '1:039.25']",False,True,2,Yes,2024-04-14 16:00:26.502084,Local,LOC_005,USA,NYC,25m
SWM1810,Elite_Swimmer_SWM1810,1999-06-12,25,Women,CHN,CHN,25,,MBA,Minor Violation,False,Fully Vaccinated,TYR Sport,Club_SHA,SHA,200m Butterfly,1:039.55,"['1:043.73', '1:042.56', '1:044.33', '1:040.38', '1:039.55']",True,True,3,Yes,2024-04-14 16:00:26.502084,Local,LOC_005,USA,NYC,25m
SWM4299,Elite_Swimmer_SWM4299,1995-08-13,29,Men,GBR,GBR,29,,Bachelors,Minor Violation,False,Fully Vaccinated,Speedo,Club_MAN,MAN,200m Butterfly,1:042.86,['1:042.86'],True,True,4,Yes,2024-04-14 16:00:26.502084,Local,LOC_005,USA,NYC,25m
SWM3976,Elite_Swimmer_SWM3976,2010-01-14,15,Women,AUS,AUS,15,,High School,Minor Violation,False,Fully Vaccinated,Nike Swimming,Club_SYD,SYD,200m Butterfly,1:042.94,"['1:038.49', '1:042.94']",False,True,5,Yes,2024-04-14 16:00:26.502084,Local,LOC_005,USA,NYC,25m
SWM3112,Elite_Swimmer_SWM3112,1995-11-08,29,Women,AUS,AUS,29,,MBA,Minor Violation,False,Fully Vaccinated,Nike Swimming,Club_SYD,SYD,200m Butterfly,1:042.98,['1:042.98'],True,True,6,No,2024-04-14 16:00:26.502084,Local,LOC_005,USA,NYC,25m
SWM3692,Elite_Swimmer_SWM3692,1997-08-21,27,Men,USA,CAN,6,FINA,Bachelors,None,False,Fully Vaccinated,TYR Sport,Club_CHI,CHI,200m Butterfly,1:043.09,"['1:043.34', '1:041.65', '1:041.71', '1:043.09']",False,True,7,No,2024-04-14 16:00:26.502084,Local,LOC_005,USA,NYC,25m
SWM8969,Elite_Swimmer_SWM8969,2005-10-26,19,Men,CAN,CAN,19,,Bachelors,None,False,Fully Vaccinated,Arena,Club_MTL,MTL,200m Butterfly,1:044.54,"['1:040.85', '1:041.50', '1:042.55', '1:042.24', '1:044.54']",False,True,8,No,2024-04-14 16:00:26.502084,Local,LOC_005,USA,NYC,25m
SWM7648,Elite_Swimmer_SWM7648,2011-12-03,13,Men,GBR,GBR,13,,High School,Minor Violation,False,Fully Vaccinated,TYR Sport,Club_BIR,BIR,200m Butterfly,1:044.71,"['1:043.03', '1:040.95', '1:040.78', '1:039.41', '1:044.71']",False,True,9,No,2024-04-14 16:00:26.502084,Local,LOC_005,USA,NYC,25m
SWM9050,Elite_Swimmer_SWM9050,1995-12-28,29,Women,JPN,JPN,29,,MBA,None,False,Fully Vaccinated,Arena,Club_TOK,TOK,50m Freestyle,24.50,"['24.59', '25.46', '25.68', '25.85', '24.50']",True,True,1,Yes,2024-04-14 16:00:26.502084,Local,LOC_005,USA,NYC,25m
SWM4324,Elite_Swimmer_SWM4324,2011-04-30,13,Women,GBR,GBR,13,,High School,Minor Violation,False,Fully Vaccinated,Arena,Club_LON,LON,50m Freestyle,24.58,"['25.33', '25.92', '24.58']",True,True,2,Yes,2024-04-14 16:00:26.502084,Local,LOC_005,USA,NYC,25m
SWM3501,Elite_Swimmer_SWM3501,2007-05-08,17,Women,USA,GBR,6,Regional Authority,High School,Minor Violation,False,Fully Vaccinated,Arena,Club_NYC,NYC,50m Freestyle,24.63,"['25.72', '25.95', '26.04', '25.97', '24.63']",True,True,3,Yes,2024-04-14 16:00:26.502084,Local,LOC_005,USA,NYC,25m
SWM7326,Elite_Swimmer_SWM7326,1992-12-16,32,Women,JPN,JPN,32,,Bachelors,None,False,Fully Vaccinated,Nike Swimming,Club_TOK,TOK,50m Freestyle,24.66,"['25.40', '25.81', '24.71', '25.46', '24.66']",True,True,4,Yes,2024-04-14 16:00:26.502084,Local,LOC_005,USA,NYC,25m
SWM3112,Elite_Swimmer_SWM3112,1995-11-08,29,Women,AUS,AUS,29,,MBA,Minor Violation,False,Fully Vaccinated,Nike Swimming,Club_SYD,SYD,50m Freestyle,24.81,['24.81'],True,True,5,Yes,2024-04-14 16:00:26.502084,Local,LOC_005,USA,NYC,25m
SWM6050,Elite_Swimmer_SWM6050,2005-04-22,19,Women,JPN,USA,10,FINA,Bachelors,Minor Violation,False,Fully Vaccinated,Nike Swimming,Club_TOK,TOK,50m Freestyle,24.94,"['25.31', '25.82', '26.20', '25.58', '24.94']",True,True,6,No,2024-04-14 16:00:26.502084,Local,LOC_005,USA,NYC,25m
SWM4299,Elite_Swimmer_SWM4299,1995-08-13,29,Men,GBR,GBR,29,,Bachelors,Minor Violation,False,Fully Vaccinated,Speedo,Club_MAN,MAN,50m Freestyle,25.29,['25.29'],True,True,7,No,2024-04-14 16:00:26.502084,Local,LOC_005,USA,NYC,25m
SWM1810,Elite_Swimmer_SWM1810,1999-06-12,25,Women,CHN,CHN,25,,MBA,Minor Violation,False,Fully Vaccinated,TYR Sport,Club_SHA,SHA,50m Freestyle,25.31,"['25.91', '25.30', '24.60', '26.18', '25.31']",False,True,8,No,2024-04-14 16:00:26.502084,Local,LOC_005,USA,NYC,25m
SWM7187,Elite_Swimmer_SWM7187,1998-08-13,26,Men,CHN,CHN,26,,Bachelors,Minor Violation,False,Fully Vaccinated,Nike Swimming,Club_SHA,SHA,50m Freestyle,25.43,"['26.23', '24.99', '24.58', '25.45', '25.43']",False,True,9,No,2024-04-14 16:00:26.502084,Local,LOC_005,USA,NYC,25m
SWM2529,Elite_Swimmer_SWM2529,2008-07-06,16,Men,CAN,GBR,5,National Federation,High School,None,False,Fully Vaccinated,Nike Swimming,Club_VAN,VAN,50m Freestyle,25.67,"['24.96', '24.82', '24.99', '25.40', '25.67']",False,True,10,No,2024-04-14 16:00:26.502084,Local,LOC_005,USA,NYC,25m
SWM7648,Elite_Swimmer_SWM7648,2011-12-03,13,Men,GBR,GBR,13,,High School,Minor Violation,False,Fully Vaccinated,TYR Sport,Club_BIR,BIR,50m Freestyle,25.85,"['25.04', '24.93', '25.54', '26.17', '25.85']",False,True,11,No,2024-04-14 16:00:26.502084,Local,LOC_005,USA,NYC,25m
SWM8969,Elite_Swimmer_SWM8969,2005-10-26,19,Men,CAN,CAN,19,,Bachelors,None,False,Fully Vaccinated,Arena,Club_MTL,MTL,50m Freestyle,26.19,"['26.23', '25.43', '26.02', '25.28', '26.19']",False,True,12,No,2024-04-14 16:00:26.502084,Local,LOC_005,USA,NYC,25m
SWM6050,Elite_Swimmer_SWM6050,2005-04-22,19,Women,JPN,USA,10,FINA,Bachelors,Minor Violation,False,Fully Vaccinated,Nike Swimming,Club_TOK,TOK,100m Freestyle,49.50,"['49.41', '52.22', '49.58', '51.89', '49.50']",False,True,1,Yes,2024-04-14 16:00:26.502084,Local,LOC_005,USA,NYC,25m
SWM1810,Elite_Swimmer_SWM1810,1999-06-12,25,Women,CHN,CHN,25,,MBA,Minor Violation,False,Fully Vaccinated,TYR Sport,Club_SHA,SHA,100m Freestyle,49.64,"['52.44', '49.20', '51.38', '51.63', '49.64']",False,True,2,Yes,2024-04-14 16:00:26.502084,Local,LOC_005,USA,NYC,25m
SWM7187,Elite_Swimmer_SWM7187,1998-08-13,26,Men,CHN,CHN,26,,Bachelors,Minor Violation,False,Fully Vaccinated,Nike Swimming,Club_SHA,SHA,100m Freestyle,49.65,"['51.63', '51.88', '51.32', '49.77', '49.65']",True,True,3,Yes,2024-04-14 16:00:26.502084,Local,LOC_005,USA,NYC,25m
SWM7648,Elite_Swimmer_SWM7648,2011-12-03,13,Men,GBR,GBR,13,,High School,Minor Violation,False,Fully Vaccinated,TYR Sport,Club_BIR,BIR,100m Freestyle,50.66,"['50.80', '51.20', '49.20', '49.34', '50.66']",False,True,4,Yes,2024-04-14 16:00:26.502084,Local,LOC_005,USA,NYC,25m
SWM3501,Elite_Swimmer_SWM3501,2007-05-08,17,Women,USA,GBR,6,Regional Authority,High School,Minor Violation,False,Fully Vaccinated,Arena,Club_NYC,NYC,100m Freestyle,50.86,"['50.81', '51.00', '52.38', '51.77', '50.86']",False,True,5,Yes,2024-04-14 16:00:26.502084,Local,LOC_005,USA,NYC,25m
SWM7326,Elite_Swimmer_SWM7326,1992-12-16,32,Women,JPN,JPN,32,,Bachelors,None,False,Fully Vaccinated,Nike Swimming,Club_TOK,TOK,100m Freestyle,51.22,"['49.60', '51.77', '49.49', '51.61', '51.22']",False,True,6,No,2024-04-14 16:00:26.502084,Local,LOC_005,USA,NYC,25m
SWM3692,Elite_Swimmer_SWM3692,1997-08-21,27,Men,USA,CAN,6,FINA,Bachelors,None,False,Fully Vaccinated,TYR Sport,Club_CHI,CHI,100m Freestyle,51.26,"['50.36', '51.83', '49.80', '49.34', '51.26']",False,True,7,No,2024-04-14 16:00:26.502084,Local,LOC_005,USA,NYC,25m
SWM9050,Elite_Swimmer_SWM9050,1995-12-28,29,Women,JPN,JPN,29,,MBA,None,False,Fully Vaccinated,Arena,Club_TOK,TOK,100m Freestyle,51.41,"['51.11', '49.37', '51.19', '51.23', '51.41']",False,True,8,No,2024-04-14 16:00:26.502084,Local,LOC_005,USA,NYC,25m
SWM8969,Elite_Swimmer_SWM8969,2005-10-26,19,Men,CAN,CAN,19,,Bachelors,None,False,Fully Vaccinated,Arena,Club_MTL,MTL,100m Freestyle,51.88,"['51.27', '51.12', '49.51', '49.00', '51.88']",False,True,9,No,2024-04-14 16:00:26.502084,Local,LOC_005,USA,NYC,25m
SWM2529,Elite_Swimmer_SWM2529,2008-07-06,16,Men,CAN,GBR,5,National Federation,High School,None,False,Fully Vaccinated,Nike Swimming,Club_VAN,VAN,100m Freestyle,52.45,"['49.89', '50.12', '49.44', '52.03', '52.45']",False,True,10,No,2024-04-14 16:00:26.502084,Local,LOC_005,USA,NYC,25m
SWM6050,Elite_Swimmer_SWM6050,2005-04-22,19,Women,JPN,USA,10,FINA,Bachelors,Minor Violation,False,Fully Vaccinated,Nike Swimming,Club_TOK,TOK,200m Freestyle,1:038.89,"['1:043.20', '1:039.97', '1:044.98', '1:038.89']",True,True,1,Yes,2024-04-14 16:00:26.502084,Local,LOC_005,USA,NYC,25m
SWM2529,Elite_Swimmer_SWM2529,2008-07-06,16,Men,CAN,GBR,5,National Federation,High School,None,False,Fully Vaccinated,Nike Swimming,Club_VAN,VAN,200m Freestyle,1:039.54,"['1:040.61', '1:041.92', '1:040.48', '1:039.54']",True,True,2,Yes,2024-04-14 16:00:26.502084,Local,LOC_005,USA,NYC,25m
SWM4989,Elite_Swimmer_SWM4989,2000-07-30,24,Women,JPN,JPN,24,,Bachelors,Minor Violation,False,Fully Vaccinated,Speedo,Club_TOK,TOK,200m Freestyle,1:039.72,"['1:038.95', '1:038.93', '1:039.72']",False,True,3,Yes,2024-04-14 16:00:26.502084,Local,LOC_005,USA,NYC,25m
SWM7187,Elite_Swimmer_SWM7187,1998-08-13,26,Men,CHN,CHN,26,,Bachelors,Minor Violation,False,Fully Vaccinated,Nike Swimming,Club_SHA,SHA,200m Freestyle,1:040.24,"['1:044.50', '1:042.72', '1:043.13', '1:038.59', '1:040.24']",False,True,4,Yes,2024-04-14 16:00:26.502084,Local,LOC_005,USA,NYC,25m
SWM7326,Elite_Swimmer_SWM7326,1992-12-16,32,Women,JPN,JPN,32,,Bachelors,None,False,Fully Vaccinated,Nike Swimming,Club_TOK,TOK,200m Freestyle,1:040.78,"['1:039.20', '1:041.49', '1:039.22', '1:044.65', '1:040.78']",False,True,5,Yes,2024-04-14 16:00:26.502084,Local,LOC_005,USA,NYC,25m
SWM9050,Elite_Swimmer_SWM9050,1995-12-28,29,Women,JPN,JPN,29,,MBA,None,False,Fully Vaccinated,Arena,Club_TOK,TOK,200m Freestyle,1:041.30,"['1:043.63', '1:039.72', '1:039.42', '1:038.48', '1:041.30']",False,True,6,No,2024-04-14 16:00:26.502084,Local,LOC_005,USA,NYC,25m
SWM8969,Elite_Swimmer_SWM8969,2005-10-26,19,Men,CAN,CAN,19,,Bachelors,None,False,Fully Vaccinated,Arena,Club_MTL,MTL,200m Freestyle,1:042.00,"['1:039.85', '1:041.65', '1:043.08', '1:038.50', '1:042.00']",False,True,7,No,2024-04-14 16:00:26.502084,Local,LOC_005,USA,NYC,25m
SWM1810,Elite_Swimmer_SWM1810,1999-06-12,25,Women,CHN,CHN,25,,MBA,Minor Violation,False,Fully Vaccinated,TYR Sport,Club_SHA,SHA,200m Freestyle,1:042.33,"['1:038.26', '1:043.74', '1:044.19', '1:038.23', '1:042.33']",False,True,8,No,2024-04-14 16:00:26.502084,Local,LOC_005,USA,NYC,25m
SWM3692,Elite_Swimmer_SWM3692,1997-08-21,27,Men,USA,CAN,6,FINA,Bachelors,None,False,Fully Vaccinated,TYR Sport,Club_CHI,CHI,200m Freestyle,1:042.68,"['1:038.77', '1:044.52', '1:040.33', '1:042.68']",False,True,9,No,2024-04-14 16:00:26.502084,Local,LOC_005,USA,NYC,25m
SWM3501,Elite_Swimmer_SWM3501,2007-05-08,17,Women,USA,GBR,6,Regional Authority,High School,Minor Violation,False,Fully Vaccinated,Arena,Club_NYC,NYC,200m Freestyle,1:043.48,"['1:044.17', '1:042.50', '1:043.38', '1:043.24', '1:043.48']",False,True,10,No,2024-04-14 16:00:26.502084,Local,LOC_005,USA,NYC,25m
SWM7648,Elite_Swimmer_SWM7648,2011-12-03,13,Men,GBR,GBR,13,,High School,Minor Violation,False,Fully Vaccinated,TYR Sport,Club_BIR,BIR,200m Freestyle,1:044.93,"['1:039.50', '1:041.05', '1:043.53', '1:041.38', '1:044.93']",False,True,11,No,2024-04-14 16:00:26.502084,Local,LOC_005,USA,NYC,25m
SWM3501,Elite_Swimmer_SWM3501,2007-05-08,17,Women,USA,GBR,6,Regional Authority,High School,Minor Violation,False,Fully Vaccinated,Arena,Club_NYC,NYC,400m Freestyle,3:017.22,"['3:029.68', '3:018.45', '3:023.59', '3:016.76', '3:017.22']",False,True,1,Yes,2024-04-14 16:00:26.502084,Local,LOC_005,USA,NYC,25m
SWM9585,Elite_Swimmer_SWM9585,2012-07-19,12,Women,CAN,CAN,12,,High School,Minor Violation,False,Fully Vaccinated,Arena,Club_VAN,VAN,400m Freestyle,3:017.41,"['3:027.10', '3:017.41']",True,True,2,Yes,2024-04-14 16:00:26.502084,Local,LOC_005,USA,NYC,25m
SWM1810,Elite_Swimmer_SWM1810,1999-06-12,25,Women,CHN,CHN,25,,MBA,Minor Violation,False,Fully Vaccinated,TYR Sport,Club_SHA,SHA,400m Freestyle,3:017.97,"['3:018.02', '3:027.96', '3:025.52', '3:026.61', '3:017.97']",True,True,3,Yes,2024-04-14 16:00:26.502084,Local,LOC_005,USA,NYC,25m
SWM6050,Elite_Swimmer_SWM6050,2005-04-22,19,Women,JPN,USA,10,FINA,Bachelors,Minor Violation,False,Fully Vaccinated,Nike Swimming,Club_TOK,TOK,400m Freestyle,3:019.16,"['3:020.75', '3:026.21', '3:016.46', '3:019.16']",False,True,4,Yes,2024-04-14 16:00:26.502084,Local,LOC_005,USA,NYC,25m
SWM7648,Elite_Swimmer_SWM7648,2011-12-03,13,Men,GBR,GBR,13,,High School,Minor Violation,False,Fully Vaccinated,TYR Sport,Club_BIR,BIR,400m Freestyle,3:019.24,"['3:025.97', '3:025.96', '3:027.83', '3:019.24']",True,True,5,Yes,2024-04-14 16:00:26.502084,Local,LOC_005,USA,NYC,25m
SWM3112,Elite_Swimmer_SWM3112,1995-11-08,29,Women,AUS,AUS,29,,MBA,Minor Violation,False,Fully Vaccinated,Nike Swimming,Club_SYD,SYD,400m Freestyle,3:021.15,"['3:029.43', '3:021.15']",True,True,6,No,2024-04-14 16:00:26.502084,Local,LOC_005,USA,NYC,25m
SWM3692,Elite_Swimmer_SWM3692,1997-08-21,27,Men,USA,CAN,6,FINA,Bachelors,None,False,Fully Vaccinated,TYR Sport,Club_CHI,CHI,400m Freestyle,3:021.85,"['3:024.20', '3:021.29', '3:021.85']",False,True,7,No,2024-04-14 16:00:26.502084,Local,LOC_005,USA,NYC,25m
SWM8969,Elite_Swimmer_SWM8969,2005-10-26,19,Men,CAN,CAN,19,,Bachelors,None,False,Fully Vaccinated,Arena,Club_MTL,MTL,400m Freestyle,3:022.23,"['3:026.33', '3:022.67', '3:025.85', '3:020.92', '3:022.23']",False,True,8,No,2024-04-14 16:00:26.502084,Local,LOC_005,USA,NYC,25m
SWM7187,Elite_Swimmer_SWM7187,1998-08-13,26,Men,CHN,CHN,26,,Bachelors,Minor Violation,False,Fully Vaccinated,Nike Swimming,Club_SHA,SHA,400m Freestyle,3:023.20,"['3:026.03', '3:016.71', '3:020.35', '3:018.33', '3:023.20']",False,True,9,No,2024-04-14 16:00:26.502084,Local,LOC_005,USA,NYC,25m
SWM4299,Elite_Swimmer_SWM4299,1995-08-13,29,Men,GBR,GBR,29,,Bachelors,Minor Violation,False,Fully Vaccinated,Speedo,Club_MAN,MAN,400m Freestyle,3:023.64,['3:023.64'],True,True,10,No,2024-04-14 16:00:26.502084,Local,LOC_005,USA,NYC,25m
SWM7326,Elite_Swimmer_SWM7326,1992-12-16,32,Women,JPN,JPN,32,,Bachelors,None,False,Fully Vaccinated,Nike Swimming,Club_TOK,TOK,400m Freestyle,3:023.91,"['3:016.15', '3:022.42', '3:026.04', '3:024.84', '3:023.91']",False,True,11,No,2024-04-14 16:00:26.502084,Local,LOC_005,USA,NYC,25m
SWM9050,Elite_Swimmer_SWM9050,1995-12-28,29,Women,JPN,JPN,29,,MBA,None,False,Fully Vaccinated,Arena,Club_TOK,TOK,400m Freestyle,3:024.21,"['3:024.16', '3:021.67', '3:018.02', '3:019.77', '3:024.21']",False,True,12,No,2024-04-14 16:00:26.502084,Local,LOC_005,USA,NYC,25m
SWM2529,Elite_Swimmer_SWM2529,2008-07-06,16,Men,CAN,GBR,5,National Federation,High School,None,False,Fully Vaccinated,Nike Swimming,Club_VAN,VAN,400m Freestyle,3:027.47,"['3:016.76', '3:020.53', '3:023.89', '3:027.47']",False,True,13,No,2024-04-14 16:00:26.502084,Local,LOC_005,USA,NYC,25m
SWM4989,Elite_Swimmer_SWM4989,2000-07-30,24,Women,JPN,JPN,24,,Bachelors,Minor Violation,False,Fully Vaccinated,Speedo,Club_TOK,TOK,400m Freestyle,3:027.88,"['3:026.46', '3:027.88']",False,True,14,No,2024-04-14 16:00:26.502084,Local,LOC_005,USA,NYC,25m
SWM1810,Elite_Swimmer_SWM1810,1999-06-12,25,Women,CHN,CHN,25,,MBA,Minor Violation,False,Fully Vaccinated,TYR Sport,Club_SHA,SHA,800m Freestyle,6:032.77,"['6:038.42', '6:038.97', '6:052.56', '6:042.27', '6:032.77']",True,True,1,Yes,2024-04-14 16:00:26.502084,Local,LOC_005,USA,NYC,25m
SWM2529,Elite_Swimmer_SWM2529,2008-07-06,16,Men,CAN,GBR,5,National Federation,High School,None,False,Fully Vaccinated,Nike Swimming,Club_VAN,VAN,800m Freestyle,6:035.97,"['6:050.03', '6:041.45', '6:037.37', '6:035.97']",True,True,2,Yes,2024-04-14 16:00:26.502084,Local,LOC_005,USA,NYC,25m
SWM9585,Elite_Swimmer_SWM9585,2012-07-19,12,Women,CAN,CAN,12,,High School,Minor Violation,False,Fully Vaccinated,Arena,Club_VAN,VAN,800m Freestyle,6:036.98,['6:036.98'],True,True,3,Yes,2024-04-14 16:00:26.502084,Local,LOC_005,USA,NYC,25m
SWM3692,Elite_Swimmer_SWM3692,1997-08-21,27,Men,USA,CAN,6,FINA,Bachelors,None,False,Fully Vaccinated,TYR Sport,Club_CHI,CHI,800m Freestyle,6:037.68,"['6:039.22', '6:046.98', '6:032.85', '6:037.68']",False,True,4,Yes,2024-04-14 16:00:26.502084,Local,LOC_005,USA,NYC,25m
SWM6050,Elite_Swimmer_SWM6050,2005-04-22,19,Women,JPN,USA,10,FINA,Bachelors,Minor Violation,False,Fully Vaccinated,Nike Swimming,Club_TOK,TOK,800m Freestyle,6:046.14,"['6:053.52', '6:054.92', '6:059.02', '6:046.14']",True,True,5,Yes,2024-04-14 16:00:26.502084,Local,LOC_005,USA,NYC,25m
SWM7326,Elite_Swimmer_SWM7326,1992-12-16,32,Women,JPN,JPN,32,,Bachelors,None,False,Fully Vaccinated,Nike Swimming,Club_TOK,TOK,800m Freestyle,6:047.64,"['6:032.99', '6:051.48', '6:056.21', '6:038.43', '6:047.64']",False,True,6,No,2024-04-14 16:00:26.502084,Local,LOC_005,USA,NYC,25m
SWM7187,Elite_Swimmer_SWM7187,1998-08-13,26,Men,CHN,CHN,26,,Bachelors,Minor Violation,False,Fully Vaccinated,Nike Swimming,Club_SHA,SHA,800m Freestyle,6:049.87,"['6:048.21', '6:037.53', '6:049.92', '6:059.22', '6:049.87']",False,True,7,No,2024-04-14 16:00:26.502084,Local,LOC_005,USA,NYC,25m
SWM8969,Elite_Swimmer_SWM8969,2005-10-26,19,Men,CAN,CAN,19,,Bachelors,None,False,Fully Vaccinated,Arena,Club_MTL,MTL,800m Freestyle,6:050.66,"['6:046.22', '6:046.06', '6:055.28', '6:055.25', '6:050.66']",False,True,8,No,2024-04-14 16:00:26.502084,Local,LOC_005,USA,NYC,25m
SWM7648,Elite_Swimmer_SWM7648,2011-12-03,13,Men,GBR,GBR,13,,High School,Minor Violation,False,Fully Vaccinated,TYR Sport,Club_BIR,BIR,800m Freestyle,6:051.69,"['6:044.15', '6:042.81', '6:040.62', '6:050.58', '6:051.69']",False,True,9,No,2024-04-14 16:00:26.502084,Local,LOC_005,USA,NYC,25m
SWM3501,Elite_Swimmer_SWM3501,2007-05-08,17,Women,USA,GBR,6,Regional Authority,High School,Minor Violation,False,Fully Vaccinated,Arena,Club_NYC,NYC,800m Freestyle,6:057.00,"['6:035.42', '6:046.43', '6:033.80', '6:037.78', '6:057.00']",False,True,10,No,2024-04-14 16:00:26.502084,Local,LOC_005,USA,NYC,25m
SWM9050,Elite_Swimmer_SWM9050,1995-12-28,29,Women,JPN,JPN,29,,MBA,None,False,Fully Vaccinated,Arena,Club_TOK,TOK,800m Freestyle,6:058.30,"['6:034.05', '6:042.21', '6:057.82', '6:049.77', '6:058.30']",False,True,11,No,2024-04-14 16:00:26.502084,Local,LOC_005,USA,NYC,25m
SWM3501,Elite_Swimmer_SWM3501,2007-05-08,17,Women,USA,GBR,6,Regional Authority,High School,Minor Violation,False,Fully Vaccinated,Arena,Club_NYC,NYC,1500m Freestyle,12:021.15,"['12:018.85', '12:051.49', '12:039.17', '12:025.72', '12:021.15']",False,True,1,Yes,2024-04-14 16:00:26.502084,Local,LOC_005,USA,NYC,25m
SWM7326,Elite_Swimmer_SWM7326,1992-12-16,32,Women,JPN,JPN,32,,Bachelors,None,False,Fully Vaccinated,Nike Swimming,Club_TOK,TOK,1500m Freestyle,12:026.97,"['12:023.70', '12:054.81', '12:019.23', '12:019.73', '12:026.97']",False,True,2,Yes,2024-04-14 16:00:26.502084,Local,LOC_005,USA,NYC,25m
SWM8969,Elite_Swimmer_SWM8969,2005-10-26,19,Men,CAN,CAN,19,,Bachelors,None,False,Fully Vaccinated,Arena,Club_MTL,MTL,1500m Freestyle,12:029.60,"['12:039.92', '12:059.64', '13:001.03', '12:035.00', '12:029.60']",True,True,3,Yes,2024-04-14 16:00:26.502084,Local,LOC_005,USA,NYC,25m
SWM7187,Elite_Swimmer_SWM7187,1998-08-13,26,Men,CHN,CHN,26,,Bachelors,Minor Violation,False,Fully Vaccinated,Nike Swimming,Club_SHA,SHA,1500m Freestyle,12:041.89,"['13:003.14', '13:004.96', '12:030.04', '12:039.16', '12:041.89']",False,True,4,Yes,2024-04-14 16:00:26.502084,Local,LOC_005,USA,NYC,25m
SWM9050,Elite_Swimmer_SWM9050,1995-12-28,29,Women,JPN,JPN,29,,MBA,None,False,Fully Vaccinated,Arena,Club_TOK,TOK,1500m Freestyle,12:046.72,"['12:036.70', '12:059.46', '12:021.74', '12:042.03', '12:046.72']",False,True,5,Yes,2024-04-14 16:00:26.502084,Local,LOC_005,USA,NYC,25m
SWM9585,Elite_Swimmer_SWM9585,2012-07-19,12,Women,CAN,CAN,12,,High School,Minor Violation,False,Fully Vaccinated,Arena,Club_VAN,VAN,1500m Freestyle,12:046.95,['12:046.95'],True,True,6,No,2024-04-14 16:00:26.502084,Local,LOC_005,USA,NYC,25m
SWM1810,Elite_Swimmer_SWM1810,1999-06-12,25,Women,CHN,CHN,25,,MBA,Minor Violation,False,Fully Vaccinated,TYR Sport,Club_SHA,SHA,1500m Freestyle,12:049.62,"['13:003.80', '12:017.13', '12:059.25', '12:052.57', '12:049.62']",False,True,7,No,2024-04-14 16:00:26.502084,Local,LOC_005,USA,NYC,25m
SWM7648,Elite_Swimmer_SWM7648,2011-12-03,13,Men,GBR,GBR,13,,High School,Minor Violation,False,Fully Vaccinated,TYR Sport,Club_BIR,BIR,1500m Freestyle,12:052.33,"['13:007.30', '12:021.32', '12:021.11', '12:041.82', '12:052.33']",False,True,8,No,2024-04-14 16:00:26.502084,Local,LOC_005,USA,NYC,25m
SWM9050,Elite_Swimmer_SWM9050,1995-12-28,29,Women,JPN,JPN,29,,MBA,None,False,Fully Vaccinated,Arena,Club_TOK,TOK,50m Backstroke,24.65,"['25.17', '24.70', '24.71', '24.66', '24.65']",True,True,1,Yes,2024-04-14 16:00:26.502084,Local,LOC_005,USA,NYC,25m
SWM6353,Elite_Swimmer_SWM6353,2002-11-02,22,Women,JPN,GBR,8,FINA,Bachelors,Minor Violation,False,Fully Vaccinated,Arena,Club_TOK,TOK,50m Backstroke,24.67,"['25.63', '25.20', '24.71', '24.73', '24.67']",True,True,2,Yes,2024-04-14 16:00:26.502084,Local,LOC_005,USA,NYC,25m
SWM4324,Elite_Swimmer_SWM4324,2011-04-30,13,Women,GBR,GBR,13,,High School,Minor Violation,False,Fully Vaccinated,Arena,Club_LON,LON,50m Backstroke,24.84,"['24.77', '25.37', '25.43', '24.55', '24.84']",False,True,3,Yes,2024-04-14 16:00:26.502084,Local,LOC_005,USA,NYC,25m
SWM3112,Elite_Swimmer_SWM3112,1995-11-08,29,Women,AUS,AUS,29,,MBA,Minor Violation,False,Fully Vaccinated,Nike Swimming,Club_SYD,SYD,50m Backstroke,25.11,"['26.06', '25.56', '24.75', '25.03', '25.11']",False,True,4,Yes,2024-04-14 16:00:26.502084,Local,LOC_005,USA,NYC,25m
SWM3976,Elite_Swimmer_SWM3976,2010-01-14,15,Women,AUS,AUS,15,,High School,Minor Violation,False,Fully Vaccinated,Nike Swimming,Club_SYD,SYD,50m Backstroke,25.80,"['25.99', '25.81', '24.54', '24.57', '25.80']",False,True,5,Yes,2024-04-14 16:00:26.502084,Local,LOC_005,USA,NYC,25m
SWM9585,Elite_Swimmer_SWM9585,2012-07-19,12,Women,CAN,CAN,12,,High School,Minor Violation,False,Fully Vaccinated,Arena,Club_VAN,VAN,50m Backstroke,25.83,"['25.05', '26.13', '25.61', '26.00', '25.83']",False,True,6,No,2024-04-14 16:00:26.502084,Local,LOC_005,USA,NYC,25m
SWM6050,Elite_Swimmer_SWM6050,2005-04-22,19,Women,JPN,USA,10,FINA,Bachelors,Minor Violation,False,Fully Vaccinated,Nike Swimming,Club_TOK,TOK,50m Backstroke,25.85,"['25.93', '25.53', '25.29', '25.85']",False,True,7,No,2024-04-14 16:00:26.502084,Local,LOC_005,USA,NYC,25m
SWM7326,Elite_Swimmer_SWM7326,1992-12-16,32,Women,JPN,JPN,32,,Bachelors,None,False,Fully Vaccinated,Nike Swimming,Club_TOK,TOK,50m Backstroke,25.95,"['24.99', '25.40', '24.79', '26.06', '25.95']",False,True,8,No,2024-04-14 16:00:26.502084,Local,LOC_005,USA,NYC,25m
SWM7648,Elite_Swimmer_SWM7648,2011-12-03,13,Men,GBR,GBR,13,,High School,Minor Violation,False,Fully Vaccinated,TYR Sport,Club_BIR,BIR,50m Backstroke,26.08,"['24.66', '24.88', '24.62', '25.68', '26.08']",False,True,9,No,2024-04-14 16:00:26.502084,Local,LOC_005,USA,NYC,25m
SWM6050,Elite_Swimmer_SWM6050,2005-04-22,19,Women,JPN,USA,10,FINA,Bachelors,Minor Violation,False,Fully Vaccinated,Nike Swimming,Club_TOK,TOK,100m Backstroke,49.04,"['50.42', '52.44', '50.40', '51.52', '49.04']",True,True,1,Yes,2024-04-14 16:00:26.502084,Local,LOC_005,USA,NYC,25m
SWM3976,Elite_Swimmer_SWM3976,2010-01-14,15,Women,AUS,AUS,15,,High School,Minor Violation,False,Fully Vaccinated,Nike Swimming,Club_SYD,SYD,100m Backstroke,49.24,"['52.24', '49.53', '52.21', '52.21', '49.24']",True,True,2,Yes,2024-04-14 16:00:26.502084,Local,LOC_005,USA,NYC,25m
SWM4324,Elite_Swimmer_SWM4324,2011-04-30,13,Women,GBR,GBR,13,,High School,Minor Violation,False,Fully Vaccinated,Arena,Club_LON,LON,100m Backstroke,49.51,"['49.06', '50.30', '51.83', '50.67', '49.51']",False,True,3,Yes,2024-04-14 16:00:26.502084,Local,LOC_005,USA,NYC,25m
SWM3692,Elite_Swimmer_SWM3692,1997-08-21,27,Men,USA,CAN,6,FINA,Bachelors,None,False,Fully Vaccinated,TYR Sport,Club_CHI,CHI,100m Backstroke,49.58,['49.58'],True,True,4,Yes,2024-04-14 16:00:26.502084,Local,LOC_005,USA,NYC,25m
SWM4989,Elite_Swimmer_SWM4989,2000-07-30,24,Women,JPN,JPN,24,,Bachelors,Minor Violation,False,Fully Vaccinated,Speedo,Club_TOK,TOK,100m Backstroke,49.79,"['49.19', '49.23', '49.65', '49.79']",False,True,5,Yes,2024-04-14 16:00:26.502084,Local,LOC_005,USA,NYC,25m
SWM6353,Elite_Swimmer_SWM6353,2002-11-02,22,Women,JPN,GBR,8,FINA,Bachelors,Minor Violation,False,Fully Vaccinated,Arena,Club_TOK,TOK,100m Backstroke,50.74,"['51.76', '51.74', '50.81', '50.30', '50.74']",False,True,6,No,2024-04-14 16:00:26.502084,Local,LOC_005,USA,NYC,25m
SWM7326,Elite_Swimmer_SWM7326,1992-12-16,32,Women,JPN,JPN,32,,Bachelors,None,False,Fully Vaccinated,Nike Swimming,Club_TOK,TOK,100m Backstroke,50.82,"['51.29', '50.91', '51.79', '50.56', '50.82']",False,True,7,No,2024-04-14 16:00:26.502084,Local,LOC_005,USA,NYC,25m
SWM3112,Elite_Swimmer_SWM3112,1995-11-08,29,Women,AUS,AUS,29,,MBA,Minor Violation,False,Fully Vaccinated,Nike Swimming,Club_SYD,SYD,100m Backstroke,51.27,"['51.00', '50.87', '50.92', '52.07', '51.27']",False,True,8,No,2024-04-14 16:00:26.502084,Local,LOC_005,USA,NYC,25m
SWM7648,Elite_Swimmer_SWM7648,2011-12-03,13,Men,GBR,GBR,13,,High School,Minor Violation,False,Fully Vaccinated,TYR Sport,Club_BIR,BIR,100m Backstroke,51.38,"['52.27', '51.12', '51.79', '50.06', '51.38']",False,True,9,No,2024-04-14 16:00:26.502084,Local,LOC_005,USA,NYC,25m
SWM9585,Elite_Swimmer_SWM9585,2012-07-19,12,Women,CAN,CAN,12,,High School,Minor Violation,False,Fully Vaccinated,Arena,Club_VAN,VAN,100m Backstroke,51.97,"['51.64', '50.57', '49.88', '52.01', '51.97']",False,True,10,No,2024-04-14 16:00:26.502084,Local,LOC_005,USA,NYC,25m
SWM9050,Elite_Swimmer_SWM9050,1995-12-28,29,Women,JPN,JPN,29,,MBA,None,False,Fully Vaccinated,Arena,Club_TOK,TOK,100m Backstroke,52.05,"['49.08', '52.00', '50.27', '50.24', '52.05']",False,True,11,No,2024-04-14 16:00:26.502084,Local,LOC_005,USA,NYC,25m
SWM3112,Elite_Swimmer_SWM3112,1995-11-08,29,Women,AUS,AUS,29,,MBA,Minor Violation,False,Fully Vaccinated,Nike Swimming,Club_SYD,SYD,200m Backstroke,1:038.03,"['1:039.55', '1:038.50', '1:042.92', '1:041.46', '1:038.03']",True,True,1,Yes,2024-04-14 16:00:26.502084,Local,LOC_005,USA,NYC,25m
SWM9585,Elite_Swimmer_SWM9585,2012-07-19,12,Women,CAN,CAN,12,,High School,Minor Violation,False,Fully Vaccinated,Arena,Club_VAN,VAN,200m Backstroke,1:039.50,"['1:041.18', '1:044.19', '1:042.09', '1:040.85', '1:039.50']",True,True,2,Yes,2024-04-14 16:00:26.502084,Local,LOC_005,USA,NYC,25m
SWM7326,Elite_Swimmer_SWM7326,1992-12-16,32,Women,JPN,JPN,32,,Bachelors,None,False,Fully Vaccinated,Nike Swimming,Club_TOK,TOK,200m Backstroke,1:039.70,"['1:043.00', '1:039.06', '1:043.23', '1:042.55', '1:039.70']",False,True,3,Yes,2024-04-14 16:00:26.502084,Local,LOC_005,USA,NYC,25m
SWM4989,Elite_Swimmer_SWM4989,2000-07-30,24,Women,JPN,JPN,24,,Bachelors,Minor Violation,False,Fully Vaccinated,Speedo,Club_TOK,TOK,200m Backstroke,1:039.85,"['1:039.11', '1:038.95', '1:039.85']",False,True,4,Yes,2024-04-14 16:00:26.502084,Local,LOC_005,USA,NYC,25m
SWM4324,Elite_Swimmer_SWM4324,2011-04-30,13,Women,GBR,GBR,13,,High School,Minor Violation,False,Fully Vaccinated,Arena,Club_LON,LON,200m Backstroke,1:040.74,"['1:042.70', '1:039.66', '1:039.00', '1:041.58', '1:040.74']",False,True,5,Yes,2024-04-14 16:00:26.502084,Local,LOC_005,USA,NYC,25m
SWM1810,Elite_Swimmer_SWM1810,1999-06-12,25,Women,CHN,CHN,25,,MBA,Minor Violation,False,Fully Vaccinated,TYR Sport,Club_SHA,SHA,200m Backstroke,1:041.74,"['1:040.87', '1:043.41', '1:041.74']",False,True,6,No,2024-04-14 16:00:26.502084,Local,LOC_005,USA,NYC,25m
SWM6353,Elite_Swimmer_SWM6353,2002-11-02,22,Women,JPN,GBR,8,FINA,Bachelors,Minor Violation,False,Fully Vaccinated,Arena,Club_TOK,TOK,200m Backstroke,1:041.92,"['1:043.54', '1:042.11', '1:038.68', '1:044.69', '1:041.92']",False,True,7,No,2024-04-14 16:00:26.502084,Local,LOC_005,USA,NYC,25m
SWM3976,Elite_Swimmer_SWM3976,2010-01-14,15,Women,AUS,AUS,15,,High School,Minor Violation,False,Fully Vaccinated,Nike Swimming,Club_SYD,SYD,200m Backstroke,1:042.29,"['1:043.09', '1:039.01', '1:042.70', '1:043.81', '1:042.29']",False,True,8,No,2024-04-14 16:00:26.502084,Local,LOC_005,USA,NYC,25m
SWM7187,Elite_Swimmer_SWM7187,1998-08-13,26,Men,CHN,CHN,26,,Bachelors,Minor Violation,False,Fully Vaccinated,Nike Swimming,Club_SHA,SHA,200m Backstroke,1:042.84,"['1:038.97', '1:042.84']",False,True,9,No,2024-04-14 16:00:26.502084,Local,LOC_005,USA,NYC,25m
SWM5727,Elite_Swimmer_SWM5727,1991-04-10,33,Men,JPN,JPN,33,,MBA,Minor Violation,False,Fully Vaccinated,Nike Swimming,Club_OSA,OSA,200m Backstroke,1:043.31,"['1:041.32', '1:043.31']",False,True,10,No,2024-04-14 16:00:26.502084,Local,LOC_005,USA,NYC,25m
SWM7648,Elite_Swimmer_SWM7648,2011-12-03,13,Men,GBR,GBR,13,,High School,Minor Violation,False,Fully Vaccinated,TYR Sport,Club_BIR,BIR,200m Backstroke,1:043.50,"['1:039.35', '1:042.25', '1:043.96', '1:040.35', '1:043.50']",False,True,11,No,2024-04-14 16:00:26.502084,Local,LOC_005,USA,NYC,25m
SWM6050,Elite_Swimmer_SWM6050,2005-04-22,19,Women,JPN,USA,10,FINA,Bachelors,Minor Violation,False,Fully Vaccinated,Nike Swimming,Club_TOK,TOK,200m Backstroke,1:043.88,"['1:038.13', '1:039.97', '1:040.12', '1:043.88']",False,True,12,No,2024-04-14 16:00:26.502084,Local,LOC_005,USA,NYC,25m
SWM9050,Elite_Swimmer_SWM9050,1995-12-28,29,Women,JPN,JPN,29,,MBA,None,False,Fully Vaccinated,Arena,Club_TOK,TOK,200m Backstroke,1:044.26,"['1:042.96', '1:041.09', '1:043.60', '1:041.59', '1:044.26']",False,True,13,No,2024-04-14 16:00:26.502084,Local,LOC_005,USA,NYC,25m
SWM3976,Elite_Swimmer_SWM3976,2010-01-14,15,Women,AUS,AUS,15,,High School,Minor Violation,False,Fully Vaccinated,Nike Swimming,Club_SYD,SYD,50m Breaststroke,25.03,"['25.85', '24.87', '25.66', '25.68', '25.03']",False,True,1,Yes,2024-04-14 16:00:26.502084,Local,LOC_005,USA,NYC,25m
SWM7187,Elite_Swimmer_SWM7187,1998-08-13,26,Men,CHN,CHN,26,,Bachelors,Minor Violation,False,Fully Vaccinated,Nike Swimming,Club_SHA,SHA,50m Breaststroke,25.61,"['25.92', '25.15', '25.43', '24.57', '25.61']",False,True,2,Yes,2024-04-14 16:00:26.502084,Local,LOC_005,USA,NYC,25m
SWM7326,Elite_Swimmer_SWM7326,1992-12-16,32,Women,JPN,JPN,32,,Bachelors,None,False,Fully Vaccinated,Nike Swimming,Club_TOK,TOK,50m Breaststroke,25.61,"['25.34', '25.92', '25.46', '26.12', '25.61']",False,True,3,Yes,2024-04-14 16:00:26.502084,Local,LOC_005,USA,NYC,25m
SWM9050,Elite_Swimmer_SWM9050,1995-12-28,29,Women,JPN,JPN,29,,MBA,None,False,Fully Vaccinated,Arena,Club_TOK,TOK,50m Breaststroke,25.65,"['24.67', '24.85', '25.11', '25.30', '25.65']",False,True,4,Yes,2024-04-14 16:00:26.502084,Local,LOC_005,USA,NYC,25m
SWM9585,Elite_Swimmer_SWM9585,2012-07-19,12,Women,CAN,CAN,12,,High School,Minor Violation,False,Fully Vaccinated,Arena,Club_VAN,VAN,50m Breaststroke,25.83,"['26.19', '26.20', '24.71', '25.86', '25.83']",False,True,5,Yes,2024-04-14 16:00:26.502084,Local,LOC_005,USA,NYC,25m
SWM4324,Elite_Swimmer_SWM4324,2011-04-30,13,Women,GBR,GBR,13,,High School,Minor Violation,False,Fully Vaccinated,Arena,Club_LON,LON,50m Breaststroke,26.16,"['25.12', '25.51', '25.09', '24.84', '26.16']",False,True,6,No,2024-04-14 16:00:26.502084,Local,LOC_005,USA,NYC,25m
SWM4299,Elite_Swimmer_SWM4299,1995-08-13,29,Men,GBR,GBR,29,,Bachelors,Minor Violation,False,Fully Vaccinated,Speedo,Club_MAN,MAN,100m Breaststroke,49.13,"['49.80', '49.13', '49.13']",True,True,1,Yes,2024-04-14 16:00:26.502084,Local,LOC_005,USA,NYC,25m
SWM3501,Elite_Swimmer_SWM3501,2007-05-08,17,Women,USA,GBR,6,Regional Authority,High School,Minor Violation,False,Fully Vaccinated,Arena,Club_NYC,NYC,100m Breaststroke,49.33,['49.33'],True,True,2,Yes,2024-04-14 16:00:26.502084,Local,LOC_005,USA,NYC,25m
SWM6638,Elite_Swimmer_SWM6638,2011-10-12,13,Women,CAN,CAN,13,,High School,Minor Violation,False,Fully Vaccinated,Speedo,Club_MTL,MTL,100m Breaststroke,49.47,"['50.00', '49.09', '49.47']",False,True,3,Yes,2024-04-14 16:00:26.502084,Local,LOC_005,USA,NYC,25m
SWM7326,Elite_Swimmer_SWM7326,1992-12-16,32,Women,JPN,JPN,32,,Bachelors,None,False,Fully Vaccinated,Nike Swimming,Club_TOK,TOK,100m Breaststroke,49.80,"['50.40', '51.02', '50.97', '50.94', '49.80']",True,True,4,Yes,2024-04-14 16:00:26.502084,Local,LOC_005,USA,NYC,25m
SWM1688,Elite_Swimmer_SWM1688,2009-02-07,16,Women,USA,USA,16,,High School,None,False,Fully Vaccinated,Speedo,Club_NYC,NYC,100m Breaststroke,50.07,"['52.44', '51.33', '52.09', '50.07']",True,True,5,Yes,2024-04-14 16:00:26.502084,Local,LOC_005,USA,NYC,25m
SWM9050,Elite_Swimmer_SWM9050,1995-12-28,29,Women,JPN,JPN,29,,MBA,None,False,Fully Vaccinated,Arena,Club_TOK,TOK,100m Breaststroke,50.09,"['51.62', '49.20', '51.84', '51.62', '50.09']",False,True,6,No,2024-04-14 16:00:26.502084,Local,LOC_005,USA,NYC,25m
SWM3976,Elite_Swimmer_SWM3976,2010-01-14,15,Women,AUS,AUS,15,,High School,Minor Violation,False,Fully Vaccinated,Nike Swimming,Club_SYD,SYD,100m Breaststroke,50.34,"['51.80', '49.23', '52.34', '51.57', '50.34']",False,True,7,No,2024-04-14 16:00:26.502084,Local,LOC_005,USA,NYC,25m
SWM4324,Elite_Swimmer_SWM4324,2011-04-30,13,Women,GBR,GBR,13,,High School,Minor Violation,False,Fully Vaccinated,Arena,Club_LON,LON,100m Breaststroke,50.57,"['51.92', '49.50', '50.34', '52.01', '50.57']",False,True,8,No,2024-04-14 16:00:26.502084,Local,LOC_005,USA,NYC,25m
SWM7187,Elite_Swimmer_SWM7187,1998-08-13,26,Men,CHN,CHN,26,,Bachelors,Minor Violation,False,Fully Vaccinated,Nike Swimming,Club_SHA,SHA,100m Breaststroke,50.82,"['50.44', '49.54', '50.70', '51.99', '50.82']",False,True,9,No,2024-04-14 16:00:26.502084,Local,LOC_005,USA,NYC,25m
SWM9585,Elite_Swimmer_SWM9585,2012-07-19,12,Women,CAN,CAN,12,,High School,Minor Violation,False,Fully Vaccinated,Arena,Club_VAN,VAN,100m Breaststroke,51.25,"['52.30', '50.39', '49.23', '51.15', '51.25']",False,True,10,No,2024-04-14 16:00:26.502084,Local,LOC_005,USA,NYC,25m
SWM3692,Elite_Swimmer_SWM3692,1997-08-21,27,Men,USA,CAN,6,FINA,Bachelors,None,False,Fully Vaccinated,TYR Sport,Club_CHI,CHI,100m Breaststroke,52.06,"['50.21', '50.91', '52.06']",False,True,11,No,2024-04-14 16:00:26.502084,Local,LOC_005,USA,NYC,25m
SWM2529,Elite_Swimmer_SWM2529,2008-07-06,16,Men,CAN,GBR,5,National Federation,High School,None,False,Fully Vaccinated,Nike Swimming,Club_VAN,VAN,100m Breaststroke,52.16,"['52.01', '51.95', '49.11', '52.16']",False,True,12,No,2024-04-14 16:00:26.502084,Local,LOC_005,USA,NYC,25m
SWM9050,Elite_Swimmer_SWM9050,1995-12-28,29,Women,JPN,JPN,29,,MBA,None,False,Fully Vaccinated,Arena,Club_TOK,TOK,200m Breaststroke,1:039.24,"['1:039.68', '1:041.52', '1:042.73', '1:042.30', '1:039.24']",True,True,1,Yes,2024-04-14 16:00:26.502084,Local,LOC_005,USA,NYC,25m
SWM7187,Elite_Swimmer_SWM7187,1998-08-13,26,Men,CHN,CHN,26,,Bachelors,Minor Violation,False,Fully Vaccinated,Nike Swimming,Club_SHA,SHA,200m Breaststroke,1:039.65,"['1:040.92', '1:039.30', '1:041.25', '1:042.07', '1:039.65']",False,True,2,Yes,2024-04-14 16:00:26.502084,Local,LOC_005,USA,NYC,25m
SWM7326,Elite_Swimmer_SWM7326,1992-12-16,32,Women,JPN,JPN,32,,Bachelors,None,False,Fully Vaccinated,Nike Swimming,Club_TOK,TOK,200m Breaststroke,1:040.68,"['1:044.56', '1:041.15', '1:044.10', '1:044.04', '1:040.68']",True,True,3,Yes,2024-04-14 16:00:26.502084,Local,LOC_005,USA,NYC,25m
SWM3692,Elite_Swimmer_SWM3692,1997-08-21,27,Men,USA,CAN,6,FINA,Bachelors,None,False,Fully Vaccinated,TYR Sport,Club_CHI,CHI,200m Breaststroke,1:040.99,"['1:041.24', '1:044.29', '1:041.74', '1:040.99']",True,True,4,Yes,2024-04-14 16:00:26.502084,Local,LOC_005,USA,NYC,25m
SWM6638,Elite_Swimmer_SWM6638,2011-10-12,13,Women,CAN,CAN,13,,High School,Minor Violation,False,Fully Vaccinated,Speedo,Club_MTL,MTL,200m Breaststroke,1:041.19,"['1:039.57', '1:041.30', '1:044.87', '1:041.19']",False,True,5,Yes,2024-04-14 16:00:26.502084,Local,LOC_005,USA,NYC,25m
SWM4324,Elite_Swimmer_SWM4324,2011-04-30,13,Women,GBR,GBR,13,,High School,Minor Violation,False,Fully Vaccinated,Arena,Club_LON,LON,200m Breaststroke,1:041.20,"['1:044.01', '1:039.33', '1:038.12', '1:043.08', '1:041.20']",False,True,6,No,2024-04-14 16:00:26.502084,Local,LOC_005,USA,NYC,25m
SWM2529,Elite_Swimmer_SWM2529,2008-07-06,16,Men,CAN,GBR,5,National Federation,High School,None,False,Fully Vaccinated,Nike Swimming,Club_VAN,VAN,200m Breaststroke,1:041.64,"['1:043.54', '1:044.89', '1:040.76', '1:041.64']",False,True,7,No,2024-04-14 16:00:26.502084,Local,LOC_005,USA,NYC,25m
SWM3976,Elite_Swimmer_SWM3976,2010-01-14,15,Women,AUS,AUS,15,,High School,Minor Violation,False,Fully Vaccinated,Nike Swimming,Club_SYD,SYD,200m Breaststroke,1:042.27,"['1:044.89', '1:042.64', '1:041.65', '1:041.68', '1:042.27']",False,True,8,No,2024-04-14 16:00:26.502084,Local,LOC_005,USA,NYC,25m
SWM1688,Elite_Swimmer_SWM1688,2009-02-07,16,Women,USA,USA,16,,High School,None,False,Fully Vaccinated,Speedo,Club_NYC,NYC,200m Breaststroke,1:042.35,"['1:043.27', '1:043.33', '1:044.70', '1:043.13', '1:042.35']",True,True,9,No,2024-04-14 16:00:26.502084,Local,LOC_005,USA,NYC,25m
SWM4299,Elite_Swimmer_SWM4299,1995-08-13,29,Men,GBR,GBR,29,,Bachelors,Minor Violation,False,Fully Vaccinated,Speedo,Club_MAN,MAN,200m Breaststroke,1:042.95,"['1:044.67', '1:040.70', '1:039.53', '1:042.95']",False,True,10,No,2024-04-14 16:00:26.502084,Local,LOC_005,USA,NYC,25m
SWM9585,Elite_Swimmer_SWM9585,2012-07-19,12,Women,CAN,CAN,12,,High School,Minor Violation,False,Fully Vaccinated,Arena,Club_VAN,VAN,200m Breaststroke,1:043.51,"['1:039.93', '1:042.33', '1:041.23', '1:039.12', '1:043.51']",False,True,11,No,2024-04-14 16:00:26.502084,Local,LOC_005,USA,NYC,25m
SWM7187,Elite_Swimmer_SWM7187,1998-08-13,26,Men,CHN,CHN,26,,Bachelors,Minor Violation,False,Fully Vaccinated,Nike Swimming,Club_SHA,SHA,200m Individual Medley,1:038.25,"['1:042.54', '1:040.90', '1:043.16', '1:042.60', '1:038.25']",True,True,1,Yes,2024-04-14 16:00:26.502084,Local,LOC_005,USA,NYC,25m
SWM8969,Elite_Swimmer_SWM8969,2005-10-26,19,Men,CAN,CAN,19,,Bachelors,None,False,Fully Vaccinated,Arena,Club_MTL,MTL,200m Individual Medley,1:038.31,"['1:040.54', '1:038.15', '1:043.37', '1:044.73', '1:038.31']",False,True,2,Yes,2024-04-14 16:00:26.502084,Local,LOC_005,USA,NYC,25m
SWM3692,Elite_Swimmer_SWM3692,1997-08-21,27,Men,USA,CAN,6,FINA,Bachelors,None,False,Fully Vaccinated,TYR Sport,Club_CHI,CHI,200m Individual Medley,1:038.76,['1:038.76'],True,True,3,Yes,2024-04-14 16:00:26.502084,Local,LOC_005,USA,NYC,25m
SWM1810,Elite_Swimmer_SWM1810,1999-06-12,25,Women,CHN,CHN,25,,MBA,Minor Violation,False,Fully Vaccinated,TYR Sport,Club_SHA,SHA,200m Individual Medley,1:038.77,['1:038.77'],True,True,4,Yes,2024-04-14 16:00:26.502084,Local,LOC_005,USA,NYC,25m
SWM1688,Elite_Swimmer_SWM1688,2009-02-07,16,Women,USA,USA,16,,High School,None,False,Fully Vaccinated,Speedo,Club_NYC,NYC,200m Individual Medley,1:038.78,"['1:038.08', '1:044.44', '1:040.33', '1:038.78']",False,True,5,Yes,2024-04-14 16:00:26.502084,Local,LOC_005,USA,NYC,25m
SWM3501,Elite_Swimmer_SWM3501,2007-05-08,17,Women,USA,GBR,6,Regional Authority,High School,Minor Violation,False,Fully Vaccinated,Arena,Club_NYC,NYC,200m Individual Medley,1:039.91,"['1:042.67', '1:044.99', '1:039.49', '1:038.44', '1:039.91']",False,True,6,No,2024-04-14 16:00:26.502084,Local,LOC_005,USA,NYC,25m
SWM3112,Elite_Swimmer_SWM3112,1995-11-08,29,Women,AUS,AUS,29,,MBA,Minor Violation,False,Fully Vaccinated,Nike Swimming,Club_SYD,SYD,200m Individual Medley,1:039.97,"['1:041.56', '1:044.37', '1:040.23', '1:040.15', '1:039.97']",True,True,7,No,2024-04-14 16:00:26.502084,Local,LOC_005,USA,NYC,25m
SWM2529,Elite_Swimmer_SWM2529,2008-07-06,16,Men,CAN,GBR,5,National Federation,High School,None,False,Fully Vaccinated,Nike Swimming,Club_VAN,VAN,200m Individual Medley,1:041.63,"['1:042.10', '1:039.32', '1:043.03', '1:041.63']",False,True,8,No,2024-04-14 16:00:26.502084,Local,LOC_005,USA,NYC,25m
SWM6050,Elite_Swimmer_SWM6050,2005-04-22,19,Women,JPN,USA,10,FINA,Bachelors,Minor Violation,False,Fully Vaccinated,Nike Swimming,Club_TOK,TOK,200m Individual Medley,1:043.79,['1:043.79'],True,True,9,No,2024-04-14 16:00:26.502084,Local,LOC_005,USA,NYC,25m
SWM4299,Elite_Swimmer_SWM4299,1995-08-13,29,Men,GBR,GBR,29,,Bachelors,Minor Violation,False,Fully Vaccinated,Speedo,Club_MAN,MAN,200m Individual Medley,1:044.91,"['1:039.86', '1:043.89', '1:044.91']",False,True,10,No,2024-04-14 16:00:26.502084,Local,LOC_005,USA,NYC,25m
SWM7187,Elite_Swimmer_SWM7187,1998-08-13,26,Men,CHN,CHN,26,,Bachelors,Minor Violation,False,Fully Vaccinated,Nike Swimming,Club_SHA,SHA,400m Individual Medley,3:017.47,"['3:016.60', '3:026.38', '3:016.24', '3:023.18', '3:017.47']",False,True,1,Yes,2024-04-14 16:00:26.502084,Local,LOC_005,USA,NYC,25m
SWM2529,Elite_Swimmer_SWM2529,2008-07-06,16,Men,CAN,GBR,5,National Federation,High School,None,False,Fully Vaccinated,Nike Swimming,Club_VAN,VAN,400m Individual Medley,3:017.79,"['3:024.44', '3:020.74', '3:022.24', '3:019.45', '3:017.79']",True,True,2,Yes,2024-04-14 16:00:26.502084,Local,LOC_005,USA,NYC,25m
SWM3976,Elite_Swimmer_SWM3976,2010-01-14,15,Women,AUS,AUS,15,,High School,Minor Violation,False,Fully Vaccinated,Nike Swimming,Club_SYD,SYD,400m Individual Medley,3:020.00,['3:020.00'],True,True,3,Yes,2024-04-14 16:00:26.502084,Local,LOC_005,USA,NYC,25m
SWM3501,Elite_Swimmer_SWM3501,2007-05-08,17,Women,USA,GBR,6,Regional Authority,High School,Minor Violation,False,Fully Vaccinated,Arena,Club_NYC,NYC,400m Individual Medley,3:022.75,"['3:021.55', '3:017.90', '3:023.17', '3:024.41', '3:022.75']",False,True,4,Yes,2024-04-14 16:00:26.502084,Local,LOC_005,USA,NYC,25m
SWM7326,Elite_Swimmer_SWM7326,1992-12-16,32,Women,JPN,JPN,32,,Bachelors,None,False,Fully Vaccinated,Nike Swimming,Club_TOK,TOK,400m Individual Medley,3:023.34,['3:023.34'],True,True,5,Yes,2024-04-14 16:00:26.502084,Local,LOC_005,USA,NYC,25m
SWM8969,Elite_Swimmer_SWM8969,2005-10-26,19,Men,CAN,CAN,19,,Bachelors,None,False,Fully Vaccinated,Arena,Club_MTL,MTL,400m Individual Medley,3:024.65,"['3:022.83', '3:018.54', '3:025.21', '3:022.38', '3:024.65']",False,True,6,No,2024-04-14 16:00:26.502084,Local,LOC_005,USA,NYC,25m
SWM1688,Elite_Swimmer_SWM1688,2009-02-07,16,Women,USA,USA,16,,High School,None,False,Fully Vaccinated,Speedo,Club_NYC,NYC,400m Individual Medley,3:025.66,"['3:023.64', '3:016.28', '3:027.56', '3:026.88', '3:025.66']",False,True,7,No,2024-04-14 16:00:26.502084,Local,LOC_005,USA,NYC,25m
SWM3112,Elite_Swimmer_SWM3112,1995-11-08,29,Women,AUS,AUS,29,,MBA,Minor Violation,False,Fully Vaccinated,Nike Swimming,Club_SYD,SYD,400m Individual Medley,3:026.40,"['3:027.54', '3:021.02', '3:016.34', '3:024.86', '3:026.40']",False,True,8,No,2024-04-14 16:00:26.502084,Local,LOC_005,USA,NYC,25m
SWM7648,Elite_Swimmer_SWM7648,2011-12-03,13,Men,GBR,GBR,13,,High School,Minor Violation,False,Fully Vaccinated,TYR Sport,Club_BIR,BIR,400m Individual Medley,3:029.10,"['3:018.60', '3:027.97', '3:029.10']",False,True,9,No,2024-04-14 16:00:26.502084,Local,LOC_005,USA,NYC,25m
